timestamp,actual_demand,forecasted_demand,error
2026-05-25 19:00:00,15,20.07260714363419,-5.07260714363419
2026-05-25 20:00:00,19,21.815362932085293,-2.815362932085293
2026-05-25 21:00:00,22,19.699298049551622,2.300701950448378
2026-05-25 22:00:00,21,15.603210249770681,5.396789750229319
2026-05-25 23:00:00,9,11.78014318440112,-2.780143184401121
2026-05-26 00:00:00,6,9.245039428752781,-3.245039428752781
2026-05-26 01:00:00,8,7.664081297416965,0.3359187025830348
2026-05-26 02:00:00,5,6.422277399405815,-1.4222773994058153
2026-05-26 03:00:00,2,5.506843830655766,-3.5068438306557663
2026-05-26 04:00:00,6,5.31191784124677,0.6880821587532298
2026-05-26 05:00:00,3,5.808497300247839,-2.808497300247839
2026-05-26 06:00:00,0,6.246942951603701,-6.246942951603701
2026-05-26 07:00:00,4,5.903938119184368,-1.9039381191843683
2026-05-26 08:00:00,4,5.093501731367246,-1.0935017313672457
2026-05-26 09:00:00,6,5.1839418463931795,0.8160581536068205
2026-05-26 10:00:00,7,7.312077103071782,-0.3120771030717817
2026-05-26 11:00:00,12,10.942299129318663,1.0577008706813373
2026-05-26 12:00:00,8,13.830510871202682,-5.830510871202682
2026-05-26 13:00:00,15,13.748012917125724,1.251987082874276
2026-05-26 14:00:00,12,10.572338551858653,1.4276614481413468
2026-05-26 15:00:00,3,6.7891095455459745,-3.7891095455459745
2026-05-26 16:00:00,4,5.740300412982054,-1.7403004129820543
2026-05-26 17:00:00,1,8.980904571488306,-7.980904571488306
2026-05-26 18:00:00,17,14.979445820947639,2.020554179052361
2026-05-26 19:00:00,28,20.26625678373117,7.733743216268831
2026-05-26 20:00:00,23,22.017920141589954,0.9820798584100459
2026-05-26 21:00:00,17,19.900501383886137,-2.9005013838861373
2026-05-26 22:00:00,16,15.793906410644531,0.2060935893554685
2026-05-26 23:00:00,5,11.952353665630772,-6.952353665630772
2026-05-27 00:00:00,8,9.392008557441727,-1.3920085574417271
2026-05-27 01:00:00,5,7.780305472914546,-2.780305472914546
2026-05-27 02:00:00,6,6.503515591132301,-0.5035155911323006
2026-05-27 03:00:00,2,5.550109640417038,-3.5501096404170376
2026-05-27 04:00:00,4,5.315453679984344,-1.3154536799843441
2026-05-27 05:00:00,2,5.771731463141603,-3.7717314631416032
2026-05-27 06:00:00,7,6.17043059461621,0.8295694053837899
2026-05-27 07:00:00,4,5.789287348476924,-1.7892873484769236
2026-05-27 08:00:00,8,4.9432861989436025,3.0567138010563975
2026-05-27 09:00:00,3,5.001601420184543,-2.001601420184543
2026-05-27 10:00:00,2,7.101808315977773,-5.101808315977773
2026-05-27 11:00:00,13,10.708937238990396,2.291062761009604
2026-05-27 12:00:00,9,13.579405453517692,-4.579405453517692
2026-05-27 13:00:00,17,13.484898985869947,3.515101014130053
2026-05-27 14:00:00,9,10.303205236670994,-1.303205236670994
2026-05-27 15:00:00,7,6.520068374158394,0.47993162584160576
2026-05-27 16:00:00,5,5.477455227103901,-0.477455227103901
2026-05-27 17:00:00,7,8.730225063290469,-1.7302250632904688
2026-05-27 18:00:00,21,14.746646607562854,6.2533533924371465
2026-05-27 19:00:00,20,20.056683838375953,-0.056683838375953144
2026-05-27 20:00:00,14,21.83644628451958,-7.836446284519582
2026-05-27 21:00:00,17,19.751432384875027,-2.7514323848750273
2026-05-27 22:00:00,22,15.680899098713336,6.319100901286664
2026-05-27 23:00:00,8,11.878347251473434,-3.878347251473434
2026-05-28 00:00:00,14,9.35917017705782,4.64082982294218
2026-05-28 01:00:00,5,7.789990750179326,-2.789990750179326
2026-05-28 02:00:00,5,6.556244788317878,-1.556244788317878
2026-05-28 03:00:00,8,5.6455597377215945,2.3544402622784055
2026-05-28 04:00:00,6,5.4524664890651025,0.5475335109348975
2026-05-28 05:00:00,8,5.948337641065528,2.051662358934472
2026-05-28 06:00:00,4,6.383889190197164,-2.3838891901971637
2026-05-28 07:00:00,4,6.036140282406109,-2.036140282406109
2026-05-28 08:00:00,9,5.219426856890254,3.780573143109746
2026-05-28 09:00:00,7,5.30235632715909,1.6976436728409103
2026-05-28 10:00:00,4,7.422030662211398,-3.422030662211398
2026-05-28 11:00:00,12,11.043110849388453,0.9568891506115467
2026-05-28 12:00:00,10,13.921757626378964,-3.921757626378964
2026-05-28 13:00:00,19,13.829520494222292,5.170479505777708
2026-05-28 14:00:00,19,10.644175659969745,8.355824340030255
2026-05-28 15:00:00,7,6.851584843717721,0.14841515628227864
2026-05-28 16:00:00,6,5.7939625953024105,0.20603740469758947
2026-05-28 17:00:00,4,9.02654547632426,-5.0265454763242605
2026-05-28 18:00:00,23,15.018106441652282,7.981893558347718
2026-05-28 19:00:00,24,20.29923598314337,3.700764016856631
2026-05-28 20:00:00,16,22.04678579818441,-6.046785798184409
2026-05-28 21:00:00,18,19.927103619535714,-1.927103619535714
2026-05-28 22:00:00,17,15.820392491981579,1.179607508018421
2026-05-28 23:00:00,19,11.981184104647571,7.018815895352429
2026-05-29 00:00:00,8,9.425973890903245,-1.4259738909032453
2026-05-29 01:00:00,12,7.822543152956787,4.177456847043213
2026-05-29 02:00:00,6,6.557526387203752,-0.5575263872037519
2026-05-29 03:00:00,5,5.619772927596604,-0.6197729275966042
2026-05-29 04:00:00,4,5.4050409774197545,-1.4050409774197545
2026-05-29 05:00:00,7,5.885917577950481,1.1140824220495187
2026-05-29 06:00:00,8,6.314301741356072,1.685698258643928
2026-05-29 07:00:00,10,5.968345626571442,4.031654373428558
2026-05-29 08:00:00,7,5.163449843708692,1.8365501562913078
2026-05-29 09:00:00,2,5.269200281520111,-3.269200281520111
2026-05-29 10:00:00,7,7.423574069605375,-0.42357406960537514
2026-05-29 11:00:00,12,11.09198789482763,0.9080121051723697
2026-05-29 12:00:00,14,14.03122379129346,-0.031223791293459868
2026-05-29 13:00:00,20,14.013304630868216,5.986695369131784
2026-05-29 14:00:00,10,10.916320165197524,-0.9163201651975239
2026-05-29 15:00:00,2,7.226275732758539,-5.226275732758539
2026-05-29 16:00:00,6,6.285351439612489,-0.285351439612489
2026-05-29 17:00:00,9,9.648565304555177,-0.6485653045551771
2026-05-29 18:00:00,16,15.784283812170493,0.21571618782950708
2026-05-29 19:00:00,15,21.222501527931698,-6.222501527931698
2026-05-29 20:00:00,20,23.13928558298057,-3.1392855829805697
2026-05-29 21:00:00,24,21.20001370279142,2.79998629720858
2026-05-29 22:00:00,17,17.283739056044244,-0.28373905604424365
2026-05-29 23:00:00,16,13.643671500187859,2.3563284998121414
2026-05-30 00:00:00,14,11.294822877089072,2.7051771229109285
2026-05-30 01:00:00,11,9.903341517302216,1.0966584826977837
2026-05-30 02:00:00,8,8.854094016553011,-0.8540940165530113
2026-05-30 03:00:00,6,8.134043251412283,-2.134043251412283
2026-05-30 04:00:00,15,8.136960529876514,6.863039470123486
2026-05-30 05:00:00,10,8.833365237676352,1.166634762323648
2026-05-30 06:00:00,9,9.473028983387717,-0.47302898338771726
2026-05-30 07:00:00,10,9.331938891851983,0.6680611081480166
2026-05-30 08:00:00,19,8.723315878791345,10.276684121208655
2026-05-30 09:00:00,9,9.014575038978958,-0.014575038978957622
2026-05-30 10:00:00,11,11.341555487308558,-0.34155548730855756
2026-05-30 11:00:00,17,15.16759259184694,1.8324074081530597
2026-05-30 12:00:00,19,18.247467440309784,0.7525325596902164
2026-05-30 13:00:00,27,18.35130548176345,8.64869451823655
2026-05-30 14:00:00,15,15.355424920658443,-0.355424920658443
2026-05-30 15:00:00,7,11.744206704181495,-4.7442067041814955
2026-05-30 16:00:00,9,10.858373658853472,-1.8583736588534716
2026-05-30 17:00:00,15,14.251672012102366,0.7483279878976337
2026-05-30 18:00:00,30,20.391398527023966,9.608601472976034
2026-05-30 19:00:00,34,25.806694682700325,8.193305317299675
2026-05-30 20:00:00,24,27.67300353632629,-3.6730035363262914
2026-05-30 21:00:00,30,25.65531776856863,4.344682231431371
2026-05-30 22:00:00,37,21.632552060058103,15.367447939941897
2026-05-30 23:00:00,17,17.858029272236664,-0.8580292722366636
2026-05-31 00:00:00,9,15.347128002109717,-6.3471280021097165
2026-05-31 01:00:00,17,13.76661663593391,3.233383364066089
2026-05-31 02:00:00,6,12.502231942485613,-6.502231942485613
2026-05-31 03:00:00,4,11.542051197585831,-7.542051197585831
2026-05-31 04:00:00,5,11.281195784165831,-6.281195784165831
2026-05-31 05:00:00,10,11.691759710926872,-1.6917597109268723
2026-05-31 06:00:00,12,12.025300163514247,-0.02530016351424713
2026-05-31 07:00:00,12,11.559784882422031,0.44021511757796894
2026-05-31 08:00:00,8,10.61059236322247,-2.6105923632224695
2026-05-31 09:00:00,10,10.547452212187318,-0.5474522121873182
2026-05-31 10:00:00,10,12.508653208722839,-2.508653208722839
2026-05-31 11:00:00,19,15.960092254910407,3.039907745089593
2026-05-31 12:00:00,21,18.65919930792088,2.340800692079121
2026-05-31 13:00:00,12,18.37881050902198,-6.3788105090219815
2026-05-31 14:00:00,17,14.997990367197158,2.0020096328028423
2026-05-31 15:00:00,9,11.003875130775013,-2.003875130775013
2026-05-31 16:00:00,6,9.739925197733939,-3.739925197733939
2026-05-31 17:00:00,4,12.762580097465,-8.762580097465
2026-05-31 18:00:00,30,18.541759567863288,11.458240432136712
2026-05-31 19:00:00,20,23.609132447284217,-3.6091324472842174
2026-05-31 20:00:00,26,25.142549301985184,0.8574506980148158
2026-05-31 21:00:00,43,22.80926755111951,20.19073244888049
2026-05-31 22:00:00,30,18.490302497998357,11.509697502001643
2026-05-31 23:00:00,14,14.440893967079987,-0.44089396707998674
2026-06-01 00:00:00,10,11.678136332697076,-1.6781363326970755
2026-06-01 01:00:00,10,9.870297251766218,0.12970274823378247
2026-06-01 02:00:00,8,8.404383304177502,-0.404383304177502
2026-06-01 03:00:00,5,7.269501666077482,-2.269501666077482
2026-06-01 04:00:00,9,6.861555867347319,2.1384441326526806
2026-06-01 05:00:00,6,7.153169149401793,-1.1531691494017933
2026-06-01 06:00:00,3,7.396172581562573,-4.396172581562573
2026-06-01 07:00:00,10,6.868552741131506,3.1314472588684943
2026-06-01 08:00:00,9,5.885454932220602,3.1145450677793978
2026-06-01 09:00:00,8,5.81612922582563,2.1838707741743697
2026-06-01 10:00:00,6,7.798146787162825,-1.7981467871628247
2026-06-01 11:00:00,11,11.296459560704688,-0.2964595607046885
2026-06-01 12:00:00,16,14.067338265877808,1.9326617341221919
2026-06-01 13:00:00,14,13.882260752153776,0.1177392478462238
2026-06-01 14:00:00,9,10.61875137696983,-1.6187513769698292
2026-06-01 15:00:00,4,6.762243330959944,-2.7622433309599437
2026-06-01 16:00:00,4,5.6543515221088905,-1.6543515221088905
2026-06-01 17:00:00,3,8.849549308830685,-5.849549308830685
2026-06-01 18:00:00,19,14.815692338996982,4.184307661003018
2026-06-01 19:00:00,13,20.082310945188155,-7.082310945188155
2026-06-01 20:00:00,13,21.825066734015394,-8.825066734015394
2026-06-01 21:00:00,13,19.709001851431204,-6.7090018514312035
2026-06-01 22:00:00,24,15.612914051626046,8.387085948373954
2026-06-01 23:00:00,4,11.789846986264688,-7.789846986264688
2026-06-02 00:00:00,3,9.254743230691659,-6.254743230691659
2026-06-02 01:00:00,9,7.673785099359886,1.3262149006401138
2026-06-02 02:00:00,4,6.43198120137453,-2.43198120137453
2026-06-02 03:00:00,7,5.516547632617536,1.4834523673824638
2026-06-02 04:00:00,6,5.321621643177894,0.6783783568221056
2026-06-02 05:00:00,3,5.8182011022579125,-2.8182011022579125
2026-06-02 06:00:00,10,6.256646753472882,3.7433532465271178
2026-06-02 07:00:00,6,5.91364192122905,0.08635807877095036
2026-06-02 08:00:00,4,5.103205533276441,-1.1032055332764408
2026-06-02 09:00:00,7,5.1936456483470135,1.8063543516529865
2026-06-02 10:00:00,5,7.321780905054767,-2.3217809050547666
2026-06-02 11:00:00,8,10.952002931295949,-2.952002931295949
2026-06-02 12:00:00,15,13.840214673102105,1.1597853268978948
2026-06-02 13:00:00,17,13.757716719010519,3.242283280989481
2026-06-02 14:00:00,13,10.582042353713874,2.4179576462861263
2026-06-02 15:00:00,4,6.79881334741404,-2.7988133474140398
2026-06-02 16:00:00,13,5.75000421489858,7.24999578510142
2026-06-02 17:00:00,5,8.99060837333774,-3.9906083733377393
2026-06-02 18:00:00,26,14.989149622940339,11.010850377059661
2026-06-02 19:00:00,15,20.275960585536026,-5.275960585536026
2026-06-02 20:00:00,19,22.02762394351582,-3.0276239435158203
2026-06-02 21:00:00,16,19.910205185765562,-3.9102051857655624
2026-06-02 22:00:00,20,15.803610212499702,4.196389787500298
2026-06-02 23:00:00,7,11.962057467498235,-4.962057467498235
2026-06-03 00:00:00,7,9.401712359464227,-2.401712359464227
2026-06-03 01:00:00,8,7.79000927485623,0.20999072514377026
2026-06-03 02:00:00,2,6.513219392897296,-4.513219392897296
2026-06-03 03:00:00,4,5.559813442379073,-1.559813442379073
2026-06-03 04:00:00,8,5.325157481895542,2.674842518104458
2026-06-03 05:00:00,3,5.781435265032518,-2.781435265032518
2026-06-03 06:00:00,8,6.180134396483886,1.8198656035161136
2026-06-03 07:00:00,6,5.798991150349963,0.2010088496500373
2026-06-03 08:00:00,7,4.95299000085312,2.04700999914688
2026-06-03 09:00:00,5,5.011305222021105,-0.011305222021104733
2026-06-03 10:00:00,7,7.111512117961289,-0.11151211796128901
2026-06-03 11:00:00,7,10.718641040966332,-3.7186410409663324
2026-06-03 12:00:00,15,13.589109255452891,1.4108907445471086
2026-06-03 13:00:00,10,13.494602787753536,-3.4946027877535357
2026-06-03 14:00:00,14,10.312909038728424,3.6870909612715757
2026-06-03 15:00:00,7,6.529772176024805,0.47022782397519514
2026-06-03 16:00:00,6,5.487159029055507,0.5128409709444934
2026-06-03 17:00:00,5,8.739928865260426,-3.739928865260426
2026-06-03 18:00:00,16,14.756350409558852,1.243649590441148
2026-06-03 19:00:00,18,20.066387640354655,-2.0663876403546553
2026-06-03 20:00:00,15,21.846150086446546,-6.846150086446546
2026-06-03 21:00:00,14,19.761136186868924,-5.761136186868924
2026-06-03 22:00:00,25,15.690602900565128,9.309397099434872
2026-06-03 23:00:00,5,11.888051053337408,-6.888051053337408
2026-06-04 00:00:00,10,9.368873978959748,0.6311260210402523
2026-06-04 01:00:00,10,7.799694552122076,2.2003054478779243
2026-06-04 02:00:00,7,6.565948590083701,0.4340514099162993
2026-06-04 03:00:00,8,5.655263539684553,2.3447364603154472
2026-06-04 04:00:00,6,5.462170290960861,0.5378297090391388
2026-06-04 05:00:00,8,5.958041442952384,2.041958557047616
2026-06-04 06:00:00,5,6.393592992064969,-1.3935929920649688
2026-06-04 07:00:00,5,6.0458440842791195,-1.0458440842791195
2026-06-04 08:00:00,6,5.229130658797034,0.7708693412029657
2026-06-04 09:00:00,9,5.312060128908562,3.687939871091438
2026-06-04 10:00:00,9,7.431734464196908,1.568265535803092
2026-06-04 11:00:00,9,11.052814651363706,-2.0528146513637058
2026-06-04 12:00:00,8,13.931461428313364,-5.931461428313364
2026-06-04 13:00:00,4,13.839224296104979,-9.839224296104979
2026-06-04 14:00:00,14,10.65387946202804,3.3461205379719594
2026-06-04 15:00:00,8,6.861288645584908,1.1387113544150917
2026-06-04 16:00:00,5,5.803666397254693,-0.8036663972546929
2026-06-04 17:00:00,10,9.03624927829284,0.9637507217071608
2026-06-04 18:00:00,17,15.02781024364685,1.9721897563531492
2026-06-04 19:00:00,19,20.308939785120614,-1.3089397851206144
2026-06-04 20:00:00,20,22.056489600112506,-2.0564896001125064
2026-06-04 21:00:00,18,19.936807421530442,-1.9368074215304425
2026-06-04 22:00:00,25,15.83009629383385,9.16990370616615
2026-06-04 23:00:00,8,11.990887906514176,-3.9908879065141765
2026-06-05 00:00:00,8,9.435677692808127,-1.4356776928081274
2026-06-05 01:00:00,7,7.8322469549027876,-0.8322469549027876
2026-06-05 02:00:00,8,6.5672301889650155,1.4327698110349845
2026-06-05 03:00:00,6,5.629476729554933,0.3705232704450667
2026-06-05 04:00:00,11,5.414744779310885,5.585255220689115
2026-06-05 05:00:00,7,5.895621379845835,1.104378620154165
2026-06-05 06:00:00,8,6.324005543228172,1.6759944567718277
2026-06-05 07:00:00,4,5.978049428448854,-1.9780494284488537
2026-06-05 08:00:00,11,5.173153645619944,5.826846354380056
2026-06-05 09:00:00,6,5.278904083358707,0.7210959166412927
2026-06-05 10:00:00,6,7.433277871591219,-1.433277871591219
2026-06-05 11:00:00,9,11.10169169680325,-2.1016916968032504
2026-06-05 12:00:00,13,14.040927593228378,-1.0409275932283784
2026-06-05 13:00:00,10,14.02300843275159,-4.02300843275159
2026-06-05 14:00:00,17,10.926023967331359,6.073976032668641
2026-06-05 15:00:00,6,7.235979534628541,-1.235979534628541
2026-06-05 16:00:00,5,6.29505524156788,-1.29505524156788
2026-06-05 17:00:00,3,9.658269106527346,-6.658269106527346
2026-06-05 18:00:00,18,15.793987614152535,2.2060123858474654
2026-06-05 19:00:00,17,21.232205329895777,-4.232205329895777
2026-06-05 20:00:00,16,23.148989384911893,-7.148989384911893
2026-06-05 21:00:00,15,21.20971750467205,-6.209717504672049
2026-06-05 22:00:00,15,17.29344285790052,-2.2934428579005193
2026-06-05 23:00:00,5,13.653375302227252,-8.653375302227252
2026-06-06 00:00:00,20,11.304526678996789,8.695473321003211
2026-06-06 01:00:00,12,9.913045319278323,2.086954680721677
2026-06-06 02:00:00,9,8.863797818522356,0.1362021814776444
2026-06-06 03:00:00,12,8.143747053375117,3.856252946624883
2026-06-06 04:00:00,7,8.146664331809106,-1.1466643318091059
2026-06-06 05:00:00,13,8.843069039555079,4.156930960444921
2026-06-06 06:00:00,8,9.482732785446743,-1.4827327854467427
2026-06-06 07:00:00,11,9.341642693712922,1.658357306287078
2026-06-06 08:00:00,9,8.733019680701675,0.2669803192983249
2026-06-06 09:00:00,13,9.024278840934073,3.9757211590659267
2026-06-06 10:00:00,11,11.351259289292976,-0.351259289292976
2026-06-06 11:00:00,26,15.177296393659372,10.822703606340628
2026-06-06 12:00:00,17,18.257171242251196,-1.2571712422511965
2026-06-06 13:00:00,25,18.3610092837705,6.6389907162295
2026-06-06 14:00:00,14,15.365128722513534,-1.3651287225135338
2026-06-06 15:00:00,8,11.753910506049158,-3.7539105060491575
2026-06-06 16:00:00,15,10.868077460769339,4.131922539230661
2026-06-06 17:00:00,16,14.26137581407197,1.73862418592803
2026-06-06 18:00:00,22,20.401102328815725,1.5988976711842753
2026-06-06 19:00:00,33,25.816398484677944,7.1836015153220565
2026-06-06 20:00:00,33,27.68270733825739,5.317292661742609
2026-06-06 21:00:00,30,25.665021570448587,4.334978429551413
2026-06-06 22:00:00,28,21.642255861913238,6.357744138086762
2026-06-06 23:00:00,10,17.867733074272444,-7.867733074272444
2026-06-07 00:00:00,18,15.35683180401334,2.643168195986661
2026-06-07 01:00:00,15,13.77632043776064,1.2236795622393597
2026-06-07 02:00:00,13,12.511935744452185,0.4880642555478154
2026-06-07 03:00:00,10,11.551754999548283,-1.551754999548283
2026-06-07 04:00:00,7,11.290899586099192,-4.290899586099192
2026-06-07 05:00:00,7,11.70146351281949,-4.70146351281949
2026-06-07 06:00:00,9,12.035003965640891,-3.0350039656408914
2026-06-07 07:00:00,10,11.569488684296193,-1.5694886842961928
2026-06-07 08:00:00,10,10.620296165127222,-0.6202961651272219
2026-06-07 09:00:00,12,10.557156014136536,1.4428439858634636
2026-06-07 10:00:00,5,12.518357010489797,-7.518357010489797
2026-06-07 11:00:00,18,15.969796056715897,2.0302039432841035
2026-06-07 12:00:00,14,18.668903109855375,-4.668903109855375
2026-06-07 13:00:00,15,18.38851431102219,-3.3885143110221883
2026-06-07 14:00:00,10,15.0076941690629,-5.0076941690628995
2026-06-07 15:00:00,5,11.013578932654045,-6.013578932654045
2026-06-07 16:00:00,15,9.749628999661834,5.250371000338166
2026-06-07 17:00:00,5,12.772283899432143,-7.772283899432143
2026-06-07 18:00:00,26,18.551463369652566,7.448536630347434
2026-06-07 19:00:00,23,23.618836249259342,-0.618836249259342
2026-06-07 20:00:00,28,25.15225310390734,2.8477468960926586
2026-06-07 21:00:00,32,22.8189713529912,9.181028647008802
2026-06-07 22:00:00,21,18.500006299845957,2.499993700154043
2026-06-07 23:00:00,9,14.450597769113175,-5.450597769113175
2026-06-08 00:00:00,8,11.687840134598085,-3.687840134598085
2026-06-08 01:00:00,7,9.880001053590316,-2.880001053590316
2026-06-08 02:00:00,6,8.41408710614143,-2.41408710614143
2026-06-08 03:00:00,4,7.279205468034926,-3.2792054680349256
2026-06-08 04:00:00,6,6.871259669274558,-0.8712596692745578
2026-06-08 05:00:00,5,7.162872951291584,-2.1628729512915843
2026-06-08 06:00:00,8,7.405876383632888,0.5941236163671118
2026-06-08 07:00:00,6,6.87825654300391,-0.8782565430039098
2026-06-08 08:00:00,5,5.895158734125866,-0.8951587341258662
2026-06-08 09:00:00,8,5.825833027775785,2.1741669722242154
2026-06-08 10:00:00,9,7.807850589142403,1.1921494108575974
2026-06-08 11:00:00,11,11.306163362442131,-0.30616336244213116
2026-06-08 12:00:00,11,14.07704206782429,-3.0770420678242907
2026-06-08 13:00:00,14,13.891964554165485,0.10803544583451519
2026-06-08 14:00:00,13,10.62845517882069,2.3715448211793095
2026-06-08 15:00:00,7,6.771947133035847,0.22805286696415283
2026-06-08 16:00:00,1,5.664055324020917,-4.664055324020917
2026-06-08 17:00:00,4,8.859253110800969,-4.859253110800969
2026-06-08 18:00:00,22,14.82539614099326,7.174603859006741
2026-06-08 19:00:00,23,20.09201474716707,2.9079852528329297
2026-06-08 20:00:00,14,21.834770535903978,-7.834770535903978
2026-06-08 21:00:00,20,19.718705653306387,0.2812943466936133
2026-06-08 22:00:00,19,15.622617853680648,3.377382146319352
2026-06-08 23:00:00,15,11.799550788134015,3.200449211865985
2026-06-09 00:00:00,2,9.264447032598417,-7.264447032598417
2026-06-09 01:00:00,6,7.6834889013069425,-1.6834889013069425
2026-06-09 02:00:00,6,6.4416850033399,-0.4416850033398996
2026-06-09 03:00:00,8,5.526251434406627,2.4737485655933726
2026-06-09 04:00:00,10,5.331325445107205,4.668674554892795
2026-06-09 05:00:00,7,5.827904904152402,1.172095095847598
2026-06-09 06:00:00,5,6.266350555343726,-1.2663505553437258
2026-06-09 07:00:00,7,5.9233457231048074,1.0766542768951926
2026-06-09 08:00:00,8,5.112909335222,2.8870906647780004
2026-06-09 09:00:00,5,5.203349450300648,-0.20334945030064766
2026-06-09 10:00:00,5,7.331484706834538,-2.331484706834538
2026-06-09 11:00:00,18,10.961706733273237,7.038293266726763
2026-06-09 12:00:00,7,13.849918475038589,-6.849918475038589
2026-06-09 13:00:00,14,13.767420520895312,0.2325794791046878
2026-06-09 14:00:00,14,10.59174615556689,3.4082538444331103
2026-06-09 15:00:00,4,6.808517149449595,-2.808517149449595
2026-06-09 16:00:00,4,5.759708016812094,-1.7597080168120938
2026-06-09 17:00:00,6,9.000312175308235,-3.0003121753082347
2026-06-09 18:00:00,24,14.998853424936707,9.001146575063293
2026-06-09 19:00:00,20,20.285664387514927,-0.2856643875149274
2026-06-09 20:00:00,11,22.03732774541783,-11.03732774541783
2026-06-09 21:00:00,21,19.919908987639943,1.0800910123600573
2026-06-09 22:00:00,22,15.813314014553367,6.186685985446633
2026-06-09 23:00:00,12,11.971761269365699,0.02823873063430149
2026-06-10 00:00:00,15,9.411416161369715,5.588583838630285
2026-06-10 01:00:00,8,7.79971307680257,0.2002869231974298
2026-06-10 02:00:00,7,6.522923194861527,0.4770768051384726
2026-06-10 03:00:00,9,5.569517244166889,3.4304827558331112
2026-06-10 04:00:00,9,5.334861283823473,3.6651387161765268
2026-06-10 05:00:00,14,5.791139066927044,8.208860933072955
2026-06-10 06:00:00,12,6.189838198354855,5.810161801645145
2026-06-10 07:00:00,5,5.808694952310933,-0.8086949523109332
2026-06-10 08:00:00,8,4.9626938027972125,3.0373061972027875
2026-06-10 09:00:00,5,5.0210090239733,-0.021009023973300067
2026-06-10 10:00:00,6,7.121215919739656,-1.1212159197396563
2026-06-10 11:00:00,9,10.728344842943454,-1.7283448429434536
2026-06-10 12:00:00,14,13.59881305738882,0.4011869426111794
2026-06-10 13:00:00,10,13.504306589637393,-3.504306589637393
2026-06-10 14:00:00,16,10.32261284058264,5.677387159417361
2026-06-10 15:00:00,6,6.539475978062126,-0.5394759780621259
2026-06-10 16:00:00,5,5.49686283097133,-0.4968628309713301
2026-06-10 17:00:00,7,8.749632667228628,-1.749632667228628
2026-06-10 18:00:00,22,14.76605421155265,7.23394578844735
2026-06-10 19:00:00,13,20.076091442330736,-7.0760914423307355
2026-06-10 20:00:00,11,21.855853888336448,-10.855853888336448
2026-06-10 21:00:00,20,19.77083998874513,0.2291600112548693
2026-06-10 22:00:00,15,15.700306702620441,-0.7003067026204413
2026-06-10 23:00:00,9,11.897754855205315,-2.8977548552053154
2026-06-11 00:00:00,12,9.37857778086582,2.62142221913418
2026-06-11 01:00:00,9,7.809398354069129,1.1906016459308706
2026-06-11 02:00:00,5,6.5756523920486245,-1.5756523920486245
2026-06-11 03:00:00,9,5.664967341472938,3.335032658527062
2026-06-11 04:00:00,9,5.4718740928892275,3.5281259071107725
2026-06-11 05:00:00,6,5.967745244848263,0.0322547551517367
2026-06-11 06:00:00,0,6.40329679393745,-6.40329679393745
2026-06-11 07:00:00,7,6.055547886156756,0.9444521138432442
2026-06-11 08:00:00,11,5.238834460749682,5.761165539250318
2026-06-11 09:00:00,3,5.3217639308603495,-2.3217639308603495
2026-06-11 10:00:00,3,7.441438265974725,-4.441438265974725
2026-06-11 11:00:00,9,11.062518453341898,-2.062518453341898
2026-06-11 12:00:00,14,13.941165230150839,0.05883476984916136
2026-06-11 13:00:00,8,13.848928097989782,-5.848928097989782
2026-06-11 14:00:00,10,10.663583263881158,-0.6635832638811578
2026-06-11 15:00:00,8,6.870992447450906,1.1290075525490941
2026-06-11 16:00:00,6,5.813370199119039,0.1866298008809606
2026-06-11 17:00:00,3,9.04595308014513,-6.04595308014513
2026-06-11 18:00:00,10,15.03751404564226,-5.03751404564226
2026-06-11 19:00:00,17,20.318643586927976,-3.3186435869279762
2026-06-11 20:00:00,17,22.06619340204103,-5.06619340204103
2026-06-11 21:00:00,23,19.946511223408574,3.0534887765914256
2026-06-11 22:00:00,15,15.839800095687938,-0.8398000956879379
2026-06-11 23:00:00,12,12.000591708378161,-0.0005917083781614707
2026-06-12 00:00:00,8,9.445381494747062,-1.4453814947470622
2026-06-12 01:00:00,9,7.841950756845424,1.1580492431545757
2026-06-12 02:00:00,6,6.576933990933463,-0.5769339909334628
2026-06-12 03:00:00,8,5.639180531517193,2.3608194684828074
2026-06-12 04:00:00,5,5.424448581243224,-0.42444858124322415
2026-06-12 05:00:00,5,5.905325181858885,-0.9053251818588848
2026-06-12 06:00:00,5,6.333709345100269,-1.333709345100269
2026-06-12 07:00:00,7,5.987753230496382,1.0122467695036184
2026-06-12 08:00:00,3,5.18285744752674,-2.1828574475267404
2026-06-12 09:00:00,2,5.2886078853106095,-3.2886078853106095
2026-06-12 10:00:00,8,7.442981673572782,0.5570183264272179
2026-06-12 11:00:00,11,11.11139549878298,-0.11139549878297927
2026-06-12 12:00:00,7,14.050631395130122,-7.050631395130122
2026-06-12 13:00:00,10,14.032712234638577,-4.032712234638577
2026-06-12 14:00:00,13,10.935727769174795,2.064272230825205
2026-06-12 15:00:00,8,7.245683336484116,0.7543166635158842
2026-06-12 16:00:00,13,6.304759043471253,6.695240956528747
2026-06-12 17:00:00,7,9.667972908054658,-2.667972908054658
2026-06-12 18:00:00,17,15.80369141615045,1.1963085838495502
2026-06-12 19:00:00,15,21.24190913170599,-6.241909131705992
2026-06-12 20:00:00,15,23.158693186842513,-8.158693186842513
2026-06-12 21:00:00,14,21.219421306760573,-7.219421306760573
2026-06-12 22:00:00,16,17.3031466597571,-1.3031466597571004
2026-06-12 23:00:00,7,13.663079104095734,-6.6630791040957345
2026-06-13 00:00:00,11,11.314230480940285,-0.31423048094028516
2026-06-13 01:00:00,18,9.922749121225547,8.077250878774453
2026-06-13 02:00:00,8,8.87350162047453,-0.8735016204745296
2026-06-13 03:00:00,8,8.153450855320912,-0.15345085532091218
2026-06-13 04:00:00,9,8.156368133724861,0.843631866275139
2026-06-13 05:00:00,5,8.852772841568072,-3.852772841568072
2026-06-13 06:00:00,9,9.492436587318483,-0.4924365873184833
2026-06-13 07:00:00,13,9.351346495759799,3.648653504240201
2026-06-13 08:00:00,11,8.74272348261615,2.2572765173838505
2026-06-13 09:00:00,7,9.033982642893491,-2.0339826428934913
2026-06-13 10:00:00,12,11.360963091281805,0.6390369087181949
2026-06-13 11:00:00,16,15.187000195637456,0.8129998043625442
2026-06-13 12:00:00,21,18.266875044151092,2.7331249558489077
2026-06-13 13:00:00,22,18.370713085655456,3.6292869143445436
2026-06-13 14:00:00,25,15.374832524368623,9.625167475631377
2026-06-13 15:00:00,13,11.76361430791682,1.2363856920831804
2026-06-13 16:00:00,6,10.87778126268521,-4.877781262685209
2026-06-13 17:00:00,14,14.27107961592749,-0.27107961592749064
2026-06-13 18:00:00,24,20.410806130814294,3.5891938691857064
2026-06-13 19:00:00,23,25.82610228648839,-2.826102286488389
2026-06-13 20:00:00,22,27.692411140185953,-5.692411140185953
2026-06-13 21:00:00,31,25.674725372326428,5.325274627673572
2026-06-13 22:00:00,28,21.651959663766704,6.348040336233296
2026-06-13 23:00:00,15,17.877436876135967,-2.8774368761359668
2026-06-14 00:00:00,20,15.366535605953002,4.633464394046998
2026-06-14 01:00:00,13,13.786024239705178,-0.7860242397051778
2026-06-14 02:00:00,11,12.521639546433441,-1.5216395464334411
2026-06-14 03:00:00,5,11.561458801508374,-6.561458801508374
2026-06-14 04:00:00,5,11.30060338802907,-6.300603388029071
2026-06-14 05:00:00,7,11.711167314710355,-4.711167314710355
2026-06-14 06:00:00,11,12.044707767507795,-1.044707767507795
2026-06-14 07:00:00,12,11.579192486337847,0.42080751366215274
2026-06-14 08:00:00,16,10.629999967034985,5.370000032965015
2026-06-14 09:00:00,8,10.566859816015846,-2.566859816015846
2026-06-14 10:00:00,8,12.52806081247171,-4.528060812471709
2026-06-14 11:00:00,24,15.979499858702123,8.020500141297877
2026-06-14 12:00:00,15,18.678606911801367,-3.678606911801367
2026-06-14 13:00:00,17,18.39821811305405,-1.3982181130540496
2026-06-14 14:00:00,18,15.017397971119058,2.982602028880942
2026-06-14 15:00:00,9,11.023282734519261,-2.0232827345192614
2026-06-14 16:00:00,8,9.759332801612317,-1.7593328016123166
2026-06-14 17:00:00,11,12.781987701394893,-1.7819877013948933
2026-06-14 18:00:00,23,18.56116717164108,4.438832828358919
2026-06-14 19:00:00,26,23.628540051230356,2.371459948769644
2026-06-14 20:00:00,31,25.16195690583338,5.838043094166618
2026-06-14 21:00:00,31,22.828675154984197,8.171324845015803
2026-06-14 22:00:00,26,18.509710101696857,7.490289898303143
2026-06-14 23:00:00,4,14.46030157097625,-10.46030157097625
2026-06-15 00:00:00,7,11.697543936499093,-4.697543936499093
2026-06-15 01:00:00,6,9.889704855532113,-3.8897048555321128
2026-06-15 02:00:00,3,8.423790907900184,-5.423790907900184
2026-06-15 03:00:00,7,7.288909269991177,-0.2889092699911773
2026-06-15 04:00:00,4,6.880963471164034,-2.8809634711640344
2026-06-15 05:00:00,10,7.172576753181574,2.8274232468184257
2026-06-15 06:00:00,6,7.41558018549939,-1.4155801854993904
2026-06-15 07:00:00,7,6.887960344875516,0.11203965512448377
2026-06-15 08:00:00,8,5.904862536047261,2.0951374639527387
2026-06-15 09:00:00,2,5.835536829623937,-3.835536829623937
2026-06-15 10:00:00,6,7.817554391137188,-1.8175543911371879
2026-06-15 11:00:00,13,11.315867164415506,1.684132835584494
2026-06-15 12:00:00,10,14.086745869756685,-4.086745869756685
2026-06-15 13:00:00,8,13.901668356046038,-5.901668356046038
2026-06-15 14:00:00,11,10.638158981164409,0.36184101883559094
2026-06-15 15:00:00,5,6.7816509349034,-1.7816509349034
2026-06-15 16:00:00,4,5.6737591259741516,-1.6737591259741516
2026-06-15 17:00:00,1,8.868956912766945,-7.868956912766945
2026-06-15 18:00:00,19,14.83509994259151,4.16490005740849
2026-06-15 19:00:00,16,20.101718549141523,-4.101718549141523
2026-06-15 20:00:00,28,21.844474337837838,6.155525662162162
2026-06-15 21:00:00,25,19.728409455306675,5.271590544693325
2026-06-15 22:00:00,25,15.632321655618348,9.367678344381652
2026-06-15 23:00:00,6,11.809254589997582,-5.8092545899975825
2026-06-16 00:00:00,13,9.274150834500233,3.725849165499767
2026-06-16 01:00:00,7,7.693192703249865,-0.6931927032498653
2026-06-16 02:00:00,5,6.451388805105052,-1.4513888051050516
2026-06-16 03:00:00,10,5.535955236368769,4.464044763631231
2026-06-16 04:00:00,5,5.341029247002,-0.341029247002
2026-06-16 05:00:00,8,5.837608706044774,2.162391293955226
2026-06-16 06:00:00,8,6.276054357212905,1.7239456427870952
2026-06-16 07:00:00,7,5.933049524979375,1.066950475020625
2026-06-16 08:00:00,4,5.122613137130492,-1.1226131371304922
2026-06-16 09:00:00,8,5.213053252136582,2.786946747863418
2026-06-16 10:00:00,9,7.341188508817822,1.6588114911821776
2026-06-16 11:00:00,18,10.971410535249728,7.028589464750272
2026-06-16 12:00:00,13,13.859622276973791,-0.8596222769737913
2026-06-16 13:00:00,7,13.777124322778352,-6.777124322778352
2026-06-16 14:00:00,6,10.601449957625622,-4.601449957625622
2026-06-16 15:00:00,4,6.8182209513176595,-2.8182209513176595
2026-06-16 16:00:00,8,5.769411818765685,2.2305881812343147
2026-06-16 17:00:00,6,9.01001597727406,-3.01001597727406
2026-06-16 18:00:00,18,15.008557226928234,2.991442773071766
2026-06-16 19:00:00,20,20.29536818948887,-0.2953681894888689
2026-06-16 20:00:00,21,22.047031547347835,-1.047031547347835
2026-06-16 21:00:00,18,19.92961278963707,-1.9296127896370692
2026-06-16 22:00:00,27,15.823017816408539,11.176982183591461
2026-06-16 23:00:00,8,11.981465071449493,-3.9814650714494935
2026-06-17 00:00:00,8,9.421119963270746,-1.4211199632707459
2026-06-17 01:00:00,10,7.809416878744514,2.190583121255486
2026-06-17 02:00:00,4,6.532626996830039,-2.5326269968300386
2026-06-17 03:00:00,7,5.579221046121403,1.4207789538785969
2026-06-17 04:00:00,2,5.3445650857182265,-3.3445650857182265
2026-06-17 05:00:00,4,5.800842868817968,-1.800842868817968
2026-06-17 06:00:00,5,6.199542000426083,-1.1995420004260833
2026-06-17 07:00:00,7,5.81839875418691,1.1816012458130896
2026-06-17 08:00:00,5,4.972397604706732,0.027602395293268245
2026-06-17 09:00:00,7,5.03071282592756,1.9692871740724396
2026-06-17 10:00:00,6,7.130919721498512,-1.130919721498512
2026-06-17 11:00:00,13,10.738048644749272,2.261951355250728
2026-06-17 12:00:00,19,13.608516859324052,5.391483140675948
2026-06-17 13:00:00,14,13.514010391638752,0.4859896083612476
2026-06-17 14:00:00,8,10.332316642436556,-2.332316642436556
2026-06-17 15:00:00,4,6.549179779928535,-2.5491797799285347
2026-06-17 16:00:00,4,5.50656663288587,-1.5065666328858702
2026-06-17 17:00:00,9,8.759336469196832,0.24066353080316816
2026-06-17 18:00:00,15,14.775758013342932,0.22424198665706818
2026-06-17 19:00:00,16,20.085795244306812,-4.085795244306812
2026-06-17 20:00:00,19,21.865557690266428,-2.865557690266428
2026-06-17 21:00:00,16,19.78054379062469,-3.780543790624691
2026-06-17 22:00:00,10,15.710010504475905,-5.710010504475905
2026-06-17 23:00:00,6,11.907458657239406,-5.907458657239406
2026-06-18 00:00:00,12,9.388281582767746,2.611718417232254
2026-06-18 01:00:00,6,7.8191021558941785,-1.8191021558941785
2026-06-18 02:00:00,5,6.585356194017948,-1.5853561940179484
2026-06-18 03:00:00,7,5.674671143435973,1.3253288565640267
2026-06-18 04:00:00,6,5.481577894822224,0.518422105177776
2026-06-18 05:00:00,8,5.977449046739464,2.022550953260536
2026-06-18 06:00:00,5,6.413000596008771,-1.4130005960087706
2026-06-18 07:00:00,5,6.0652516880297656,-1.0652516880297656
2026-06-18 08:00:00,7,5.248538262660344,1.751461737339656
2026-06-18 09:00:00,6,5.3314677328157485,0.6685322671842515
2026-06-18 10:00:00,6,7.451142067959352,-1.4511420679593519
2026-06-18 11:00:00,13,11.072222255147038,1.9277777448529623
2026-06-18 12:00:00,12,13.95086903208524,-1.9508690320852402
2026-06-18 13:00:00,15,13.858631899990167,1.1413681000098332
2026-06-18 14:00:00,14,10.673287065737156,3.3267129342628436
2026-06-18 15:00:00,4,6.880696249522275,-2.880696249522275
2026-06-18 16:00:00,5,5.823074001033562,-0.8230740010335618
2026-06-18 17:00:00,6,9.055656882113711,-3.055656882113711
2026-06-18 18:00:00,15,15.047217847433316,-0.04721784743331625
2026-06-18 19:00:00,15,20.328347388820404,-5.328347388820404
2026-06-18 20:00:00,20,22.075897203968264,-2.075897203968264
2026-06-18 21:00:00,19,19.956215025284948,-0.9562150252849477
2026-06-18 22:00:00,26,15.84950389753982,10.15049610246018
2026-06-18 23:00:00,11,12.010295510414883,-1.010295510414883
2026-06-19 00:00:00,12,9.455085296651943,2.5449147033480575
2026-06-19 01:00:00,10,7.851654558673725,2.148345441326275
2026-06-19 02:00:00,8,6.586637792901909,1.413362207098091
2026-06-19 03:00:00,6,5.648884333479455,0.3511156665205446
2026-06-19 04:00:00,9,5.4341523831755625,3.5658476168244375
2026-06-19 05:00:00,6,5.915028983749932,0.08497101625006831
2026-06-19 06:00:00,5,6.343413147171471,-1.3434131471714714
2026-06-19 07:00:00,5,5.997457032369331,-0.997457032369331
2026-06-19 08:00:00,3,5.192561249437992,-2.1925612494379916
2026-06-19 09:00:00,3,5.298311687266905,-2.2983116872669047
2026-06-19 10:00:00,7,7.452685475558622,-0.4526854755586216
2026-06-19 11:00:00,14,11.121099300580713,2.8789006994192867
2026-06-19 12:00:00,14,14.060335197056355,-0.06033519705635548
2026-06-19 13:00:00,14,14.042416036630037,-0.04241603663003701
2026-06-19 14:00:00,10,10.94543157103208,-0.9454315710320795
2026-06-19 15:00:00,7,7.255387138354113,-0.25538713835411286
2026-06-19 16:00:00,1,6.314462845389579,-5.314462845389579
2026-06-19 17:00:00,9,9.67767671002471,-0.6776767100247092
2026-06-19 18:00:00,22,15.813395217943187,6.186604782056813
2026-06-19 19:00:00,18,21.25161293368513,-3.2516129336851307
2026-06-19 20:00:00,21,23.16839698876791,-2.1683969887679098
2026-06-19 21:00:00,24,21.229125108641206,2.770874891358794
2026-06-19 22:00:00,18,17.31285046161338,0.6871495383866204
2026-06-19 23:00:00,10,13.672782905947054,-3.672782905947054
2026-06-20 00:00:00,12,11.323934282945585,0.6760657170544153
2026-06-20 01:00:00,14,9.932452923055072,4.067547076944928
2026-06-20 02:00:00,3,8.883205422443872,-5.883205422443872
2026-06-20 03:00:00,9,8.163154657113633,0.8368453428863667
2026-06-20 04:00:00,13,8.166071935636865,4.8339280643631355
2026-06-20 05:00:00,7,8.862476643466731,-1.8624766434667315
2026-06-20 06:00:00,9,9.502140389193892,-0.502140389193892
2026-06-20 07:00:00,3,9.361050297640496,-6.361050297640496
2026-06-20 08:00:00,6,8.752427284563542,-2.7524272845635416
2026-06-20 09:00:00,8,9.043686444848605,-1.0436864448486052
2026-06-20 10:00:00,7,11.370666893062713,-4.3706668930627135
2026-06-20 11:00:00,28,15.19670399761554,12.80329600238446
2026-06-20 12:00:00,15,18.27657884608805,-3.27657884608805
2026-06-20 13:00:00,16,18.380416887540413,-2.380416887540413
2026-06-20 14:00:00,13,15.38453632622799,-2.3845363262279893
2026-06-20 15:00:00,13,11.773318109958705,1.226681890041295
2026-06-20 16:00:00,11,10.887485064604963,0.11251493539503699
2026-06-20 17:00:00,10,14.280783417897096,-4.280783417897096
2026-06-20 18:00:00,22,20.42050993280956,1.5794900671904415
2026-06-20 19:00:00,33,25.835806088466008,7.164193911533992
2026-06-20 20:00:00,32,27.702114942072015,4.297885057927985
2026-06-20 21:00:00,42,25.68442917419991,16.31557082580009
2026-06-20 22:00:00,23,21.66166346582043,1.3383365341795717
2026-06-20 23:00:00,10,17.887140678001632,-7.887140678001632
2026-06-21 00:00:00,10,15.376239407856627,-5.376239407856627
2026-06-21 01:00:00,12,13.795728041649607,-1.7957280416496069
2026-06-21 02:00:00,8,12.531343348399712,-4.531343348399712
2026-06-21 03:00:00,5,11.571162603297552,-6.571162603297552
2026-06-21 04:00:00,7,11.310307189957667,-4.310307189957667
2026-06-21 05:00:00,8,11.720871116604961,-3.720871116604961
2026-06-21 06:00:00,7,12.054411569376896,-5.054411569376896
2026-06-21 07:00:00,9,11.588896288212009,-2.588896288212009
2026-06-21 08:00:00,6,10.63970376898756,-4.639703768987561
2026-06-21 09:00:00,10,10.576563617968427,-0.5765636179684268
2026-06-21 10:00:00,10,12.537764614250108,-2.537764614250108
2026-06-21 11:00:00,14,15.989203660677726,-1.9892036606777257
2026-06-21 12:00:00,23,18.68831071373586,4.311689286264141
2026-06-21 13:00:00,12,18.40792191493225,-6.407921914932249
2026-06-21 14:00:00,21,15.027101772967292,5.972898227032708
2026-06-21 15:00:00,11,11.032986536550132,-0.03298653655013162
2026-06-21 16:00:00,8,9.769036603437256,-1.7690366034372556
2026-06-21 17:00:00,6,12.791691503362038,-6.791691503362038
2026-06-21 18:00:00,19,18.570870973633873,0.4291290263661267
2026-06-21 19:00:00,33,23.638243853205477,9.361756146794523
2026-06-21 20:00:00,27,25.17166070772236,1.82833929227764
2026-06-21 21:00:00,36,22.838378956859493,13.161621043140507
2026-06-21 22:00:00,22,18.51941390375127,3.4805860962487287
2026-06-21 23:00:00,12,14.470005372836386,-2.470005372836386
2026-06-22 00:00:00,11,11.707247738397557,-0.7072477383975571
2026-06-22 01:00:00,14,9.899408657471792,4.100591342528208
2026-06-22 02:00:00,6,8.43349470986411,-2.43349470986411
2026-06-22 03:00:00,5,7.298613071778508,-2.298613071778508
2026-06-22 04:00:00,9,6.890667273091273,2.109332726908727
2026-06-22 05:00:00,10,7.182280555088667,2.817719444911333
2026-06-22 06:00:00,4,7.4252839873827305,-3.4252839873827305
2026-06-22 07:00:00,2,6.897664146763637,-4.897664146763637
2026-06-22 08:00:00,8,5.914566337989588,2.085433662010412
2026-06-22 09:00:00,8,5.84524063157409,2.1547593684259096
2026-06-22 10:00:00,9,7.82725819291325,1.1727418070867497
2026-06-22 11:00:00,13,11.325570966391505,1.6744290336084955
2026-06-22 12:00:00,9,14.096449671692092,-5.096449671692092
2026-06-22 13:00:00,12,13.911372157929955,-1.9113721579299554
2026-06-22 14:00:00,16,10.64786278301527,5.35213721698473
2026-06-22 15:00:00,3,6.791354736937131,-3.791354736937131
2026-06-22 16:00:00,6,5.683462927886177,0.31653707211382276
2026-06-22 17:00:00,10,8.878660714625827,1.121339285374173
2026-06-22 18:00:00,17,14.844803744583375,2.155196255416625
2026-06-22 19:00:00,16,20.111422351115976,-4.111422351115976
2026-06-22 20:00:00,14,21.854178139763484,-7.854178139763484
2026-06-22 21:00:00,20,19.73811325740658,0.2618867425934184
2026-06-22 22:00:00,18,15.642025457677226,2.357974542322774
2026-06-22 23:00:00,13,11.818958391865257,1.181041608134743
2026-06-23 00:00:00,10,9.283854636442994,0.7161453635570059
2026-06-23 01:00:00,8,7.702896505238899,0.2971034947611013
2026-06-23 02:00:00,6,6.461092607070426,-0.46109260707042576
2026-06-23 03:00:00,8,5.545659038327972,2.4543409616720284
2026-06-23 04:00:00,9,5.35073304893131,3.6492669510686904
2026-06-23 05:00:00,4,5.847312508054845,-1.847312508054845
2026-06-23 06:00:00,8,6.285758159082087,1.7142418409179134
2026-06-23 07:00:00,1,5.9427533270240565,-4.9427533270240565
2026-06-23 08:00:00,7,5.132316939039687,1.8676830609603128
2026-06-23 09:00:00,4,5.222757054090416,-1.2227570540904162
2026-06-23 10:00:00,5,7.350892310800808,-2.350892310800808
2026-06-23 11:00:00,15,10.981114337227014,4.018885662772986
2026-06-23 12:00:00,14,13.869326078873215,0.13067392112678533
2026-06-23 13:00:00,12,13.786828124663145,-1.7868281246631454
2026-06-23 14:00:00,12,10.611153759476991,1.3888462405230086
2026-06-23 15:00:00,4,6.82792475318155,-2.8279247531815503
2026-06-23 16:00:00,7,5.7791156206777625,1.2208843793222375
2026-06-23 17:00:00,3,9.019719779126858,-6.0197197791268575
2026-06-23 18:00:00,19,15.018261028924606,3.9817389710753943
2026-06-23 19:00:00,17,20.30507199129766,-3.305071991297659
2026-06-23 20:00:00,9,22.0567353492737,-13.056735349273701
2026-06-23 21:00:00,15,19.93931659151219,-4.939316591512188
2026-06-23 22:00:00,17,15.8327216182593,1.1672783817407009
2026-06-23 23:00:00,8,11.991168873316955,-3.991168873316955
2026-06-24 00:00:00,5,9.430823765213294,-4.430823765213294
2026-06-24 01:00:00,13,7.819120680690856,5.180879319309144
2026-06-24 02:00:00,5,6.542330798811523,-1.5423307988115234
2026-06-24 03:00:00,4,5.588924848083439,-1.5889248480834386
2026-06-24 04:00:00,4,5.354268887650044,-1.3542688876500444
2026-06-24 05:00:00,8,5.8105466708301945,2.1894533291698055
2026-06-24 06:00:00,4,6.209245802139703,-2.2092458021397032
2026-06-24 07:00:00,7,5.828102556230063,1.1718974437699368
2026-06-24 08:00:00,6,4.982101406613705,1.0178985933862954
2026-06-24 09:00:00,5,5.040416627879702,-0.04041662787970157
2026-06-24 10:00:00,5,7.140623523482026,-2.1406235234820263
2026-06-24 11:00:00,12,10.747752446726393,1.252247553273607
2026-06-24 12:00:00,10,13.618220661222917,-3.6182206612229173
2026-06-24 13:00:00,14,13.52371419352261,0.4762858064773905
2026-06-24 14:00:00,12,10.34202044429047,1.6579795557095292
2026-06-24 15:00:00,6,6.558883581794949,-0.5588835817949489
2026-06-24 16:00:00,5,5.516270434800412,-0.5162704348004121
2026-06-24 17:00:00,9,8.76904027104909,0.23095972895091066
2026-06-24 18:00:00,18,14.78546181533893,3.2145381846610697
2026-06-24 19:00:00,13,20.095499046115403,-7.095499046115403
2026-06-24 20:00:00,21,21.87526149219339,-0.8752614921933883
2026-06-24 21:00:00,25,19.79024759250089,5.20975240749911
2026-06-24 22:00:00,20,15.7197143063277,4.280285693672299
2026-06-24 23:00:00,4,11.917162459107114,-7.917162459107114
2026-06-25 00:00:00,15,9.397985384710731,5.602014615289269
2026-06-25 01:00:00,8,7.828805957841144,0.1711940421588558
2026-06-25 02:00:00,6,6.595059995982873,-0.5950599959828731
2026-06-25 03:00:00,6,5.684374945394471,0.3156250546055288
2026-06-25 04:00:00,5,5.491281696750589,-0.49128169675058864
2026-06-25 05:00:00,7,5.987152848752757,1.012847151247243
2026-06-25 06:00:00,7,6.422704397880855,0.5772956021191451
2026-06-25 07:00:00,11,6.074955490076999,4.925044509923001
2026-06-25 08:00:00,5,5.258242064567122,-0.2582420645671224
2026-06-25 09:00:00,1,5.341171534767534,-4.341171534767534
2026-06-25 10:00:00,13,7.460845869940682,5.539154130059318
2026-06-25 11:00:00,9,11.081926056875304,-2.0819260568753037
2026-06-25 12:00:00,14,13.960572833982578,0.03942716601742191
2026-06-25 13:00:00,12,13.868335701872853,-1.8683357018728532
2026-06-25 14:00:00,10,10.682990867793787,-0.6829908677937873
2026-06-25 15:00:00,6,6.890400051389461,-0.8904000513894612
2026-06-25 16:00:00,11,5.832777802948782,5.167222197051218
2026-06-25 17:00:00,9,9.065360684082492,-0.06536068408249207
2026-06-25 18:00:00,14,15.056921649427586,-1.0569216494275864
2026-06-25 19:00:00,21,20.338051190627535,0.6619488093724648
2026-06-25 20:00:00,17,22.085601005896784,-5.085601005896784
2026-06-25 21:00:00,21,19.96591882728078,1.034081172719219
2026-06-25 22:00:00,22,15.85920769968212,6.14079230031788
2026-06-25 23:00:00,10,12.01999931228149,-2.01999931228149
2026-06-26 00:00:00,9,9.464789098556825,-0.4647890985568246
2026-06-26 01:00:00,13,7.861358360619725,5.138641639380275
2026-06-26 02:00:00,6,6.596341594663171,-0.5963415946631709
2026-06-26 03:00:00,10,5.658588135437786,4.341411864562214
2026-06-26 04:00:00,3,5.443856185066696,-2.4438561850666964
2026-06-26 05:00:00,7,5.924732785645282,1.0752672143547182
2026-06-26 06:00:00,10,6.353116949043569,3.646883050956431
2026-06-26 07:00:00,8,6.007160834246743,1.9928391657532574
2026-06-26 08:00:00,6,5.202265051339591,0.7977349486604091
2026-06-26 09:00:00,8,5.3080154890950855,2.6919845109049145
2026-06-26 10:00:00,9,7.4623892775333,1.5376107224666997
2026-06-26 11:00:00,17,11.130803102560442,5.869196897439558
2026-06-26 12:00:00,19,14.070038998995159,4.929961001004841
2026-06-26 13:00:00,14,14.052119838517026,-0.05211983851702584
2026-06-26 14:00:00,19,10.95513537308958,8.04486462691042
2026-06-26 15:00:00,9,7.265090940221172,1.7349090597788281
2026-06-26 16:00:00,13,6.324166647342426,6.675833352657574
2026-06-26 17:00:00,9,9.687380511996876,-0.6873805119968761
2026-06-26 18:00:00,13,15.8230990199411,-2.8230990199411004
2026-06-26 19:00:00,15,21.26131673566546,-6.26131673566546
2026-06-26 20:00:00,26,23.17810079069923,2.8218992093007707
2026-06-26 21:00:00,17,21.238828910639533,-4.238828910639533
2026-06-26 22:00:00,26,17.322554263469655,8.677445736530345
2026-06-26 23:00:00,13,13.682486707815537,-0.6824867078155368
2026-06-27 00:00:00,11,11.333638084853302,-0.3336380848533018
2026-06-27 01:00:00,17,9.94215672500405,7.05784327499595
2026-06-27 02:00:00,9,8.892909224211907,0.10709077578809278
2026-06-27 03:00:00,17,8.172858459239153,8.827141540760847
2026-06-27 04:00:00,8,8.175775737532392,-0.17577573753239228
2026-06-27 05:00:00,11,8.872180445362023,2.127819554637977
2026-06-27 06:00:00,9,9.51184419106563,-0.5118441910656308
2026-06-27 07:00:00,12,9.370754099582436,2.6292459004175637
2026-06-27 08:00:00,9,8.762131086473872,0.23786891352612827
2026-06-27 09:00:00,10,9.05339024668602,0.9466097533139806
2026-06-27 10:00:00,15,11.380370695047132,3.619629304952868
2026-06-27 11:00:00,18,15.206407799598082,2.7935922004019176
2026-06-27 12:00:00,17,18.286282648029463,-1.286282648029463
2026-06-27 13:00:00,14,18.390120689429764,-4.390120689429764
2026-06-27 14:00:00,19,15.394240128286594,3.6057598717134063
2026-06-27 15:00:00,8,11.783021911826367,-3.783021911826367
2026-06-27 16:00:00,11,10.897188866557896,0.10281113344210446
2026-06-27 17:00:00,6,14.290487219858186,-8.290487219858186
2026-06-27 18:00:00,29,20.430213734797306,8.569786265202694
2026-06-27 19:00:00,17,25.84550989043713,-8.845509890437128
2026-06-27 20:00:00,28,27.71181874400057,0.28818125599942945
2026-06-27 21:00:00,28,25.694132976195448,2.305867023804552
2026-06-27 22:00:00,24,21.671367267673894,2.3286327323261062
2026-06-27 23:00:00,10,17.896844479868488,-7.896844479868488
2026-06-28 00:00:00,7,15.385943209760947,-8.385943209760947
2026-06-28 01:00:00,12,13.805431843594238,-1.8054318435942385
2026-06-28 02:00:00,11,12.541047150162768,-1.5410471501627683
2026-06-28 03:00:00,7,11.580866405257641,-4.580866405257641
2026-06-28 04:00:00,10,11.320010991850486,-1.320010991850486
2026-06-28 05:00:00,9,11.73057491849758,-2.730574918497579
2026-06-28 06:00:00,9,12.064115371245997,-3.0641153712459968
2026-06-28 07:00:00,9,11.598600090086173,-2.5986000900861725
2026-06-28 08:00:00,6,10.64940757094055,-4.64940757094055
2026-06-28 09:00:00,7,10.586267419799945,-3.5862674197999453
2026-06-28 10:00:00,11,12.547468416228352,-1.5474684162283516
2026-06-28 11:00:00,22,15.99890746247928,6.001092537520719
2026-06-28 12:00:00,12,18.698014515569803,-6.6980145155698025
2026-06-28 13:00:00,21,18.417625716814754,2.5823742831852456
2026-06-28 14:00:00,22,15.036805574819937,6.963194425180063
2026-06-28 15:00:00,16,11.042690338415351,4.957309661584649
2026-06-28 16:00:00,7,9.77874040540221,-2.7787404054022105
2026-06-28 17:00:00,15,12.801395305329184,2.1986046946708164
2026-06-28 18:00:00,22,18.580574775423155,3.4194252245768446
2026-06-28 19:00:00,25,23.647947655180598,1.352052344819402
2026-06-28 20:00:00,32,25.181364509644517,6.818635490355483
2026-06-28 21:00:00,37,22.84808275873118,14.15191724126882
2026-06-28 22:00:00,27,18.52911770559888,8.470882294401122
2026-06-28 23:00:00,11,14.479709174869573,-3.4797091748695728
2026-06-29 00:00:00,9,11.716951540298567,-2.7169515402985667
2026-06-29 01:00:00,6,9.909112459295892,-3.9091124592958924
2026-06-29 02:00:00,7,8.443198511845544,-1.4431985118455444
2026-06-29 03:00:00,5,7.308316873753385,-2.308316873753385
2026-06-29 04:00:00,4,6.900371075035809,-2.9003710750358094
2026-06-29 05:00:00,4,7.19198435697866,-3.1919843569786597
2026-06-29 06:00:00,7,7.434987789452752,-0.4349877894527516
2026-06-29 07:00:00,8,6.907367948635242,1.0926320513647578
2026-06-29 08:00:00,4,5.924270139896134,-1.9242701398961337
2026-06-29 09:00:00,4,5.854944433525999,-1.8549444335259988
2026-06-29 10:00:00,4,7.83696199489503,-3.83696199489503
2026-06-29 11:00:00,11,11.33527476819477,-0.3352747681947701
2026-06-29 12:00:00,16,14.106153473624488,1.893846526375512
2026-06-29 13:00:00,12,13.921075959928213,-1.9210759599282135
2026-06-29 14:00:00,7,10.65756658486613,-3.65756658486613
2026-06-29 15:00:00,6,6.801058538800752,-0.8010585388007518
2026-06-29 16:00:00,3,5.693166729798206,-2.6931667297982056
2026-06-29 17:00:00,3,8.88836451639567,-5.88836451639567
2026-06-29 18:00:00,19,14.854507546376139,4.145492453623861
2026-06-29 19:00:00,22,20.12112615309489,1.8788738469051083
2026-06-29 20:00:00,18,21.863881941693585,-3.8638819416935846
2026-06-29 21:00:00,22,19.74781705928177,2.2521829407182317
2026-06-29 22:00:00,21,15.651729259528313,5.348270740471687
2026-06-29 23:00:00,10,11.828662193898937,-1.8286621938989374
2026-06-30 00:00:00,15,9.293558438344807,5.706441561655193
2026-06-30 01:00:00,11,7.712600307068257,3.287399692931743
2026-06-30 02:00:00,4,6.470796409035796,-2.4707964090357963
2026-06-30 03:00:00,9,5.555362840287174,3.4446371597128262
2026-06-30 04:00:00,11,5.360436850839305,5.639563149160695
2026-06-30 05:00:00,4,5.857016309949333,-1.8570163099493326
2026-06-30 06:00:00,5,6.295461961156444,-1.2954619611564437
2026-06-30 07:00:00,7,5.952457128899814,1.0475428711001857
2026-06-30 08:00:00,5,5.14202074094818,-0.14202074094817974
2026-06-30 09:00:00,4,5.23246085604405,-1.2324608560440504
2026-06-30 10:00:00,3,7.360596112784095,-4.360596112784095
2026-06-30 11:00:00,9,10.990818139031598,-1.9908181390315978
2026-06-30 12:00:00,13,13.879029880806643,-0.8790298808066428
2026-06-30 13:00:00,12,13.796531926662162,-1.796531926662162
2026-06-30 14:00:00,11,10.62085756133221,0.37914243866778996
2026-06-30 15:00:00,10,6.8376285550496165,3.1623714449503835
2026-06-30 16:00:00,6,5.78881942259429,0.2111805774057096
2026-06-30 17:00:00,5,9.02942358109399,-4.02942358109399
2026-06-30 18:00:00,24,15.027964830713788,8.972035169286212
2026-06-30 19:00:00,27,20.31477579327263,6.685224206727369
2026-06-30 20:00:00,28,22.06643915120371,5.93356084879629
2026-06-30 21:00:00,16,19.949020393391617,-3.949020393391617
2026-06-30 22:00:00,22,15.84242542011447,6.15757457988553
2026-06-30 23:00:00,10,12.000872675354529,-2.000872675354529
