driver_id,vehicle_type,driver_rating,experience_years,city
D0001,Bike,4.1,3,Kolkata
D0002,Bike,4.1,4,Chennai
D0003,Bike,4.1,1,Bangalore
D0004,Bike,4.6,2,Mumbai
D0005,Bike,4.1,3,Mumbai
D0006,Car,5.0,6,Pune
D0007,Bike,4.2,6,Kolkata
D0008,Bike,4.6,1,Mumbai
D0009,Car,4.5,4,Hyderabad
D0010,Scooter,4.2,1,Delhi
D0011,Car,4.0,10,Kolkata
D0012,Car,4.3,9,Delhi
D0013,Bike,4.4,4,Pune
D0014,Scooter,4.0,5,Delhi
D0015,Bike,4.3,6,Bangalore
D0016,Bike,4.6,5,Delhi
D0017,Scooter,4.9,5,Delhi
D0018,Bike,4.5,9,Kolkata
D0019,Scooter,4.9,4,Hyderabad
D0020,Scooter,4.0,4,Chennai
D0021,Bike,4.4,7,Mumbai
D0022,Car,4.7,5,Hyderabad
D0023,Bike,3.9,5,Hyderabad
D0024,Bike,4.0,1,Hyderabad
D0025,Car,4.8,2,Mumbai
D0026,Bike,3.9,1,Pune
D0027,Scooter,3.7,3,Hyderabad
D0028,Bike,4.7,3,Chennai
D0029,Bike,4.6,10,Pune
D0030,Scooter,4.4,4,Delhi
D0031,Scooter,4.2,6,Chennai
D0032,Bike,4.0,2,Kolkata
D0033,Bike,4.3,7,Pune
D0034,Car,4.8,4,Delhi
D0035,Bike,4.3,5,Delhi
D0036,Car,5.0,2,Hyderabad
D0037,Bike,3.9,4,Hyderabad
D0038,Scooter,4.2,4,Mumbai
D0039,Car,4.1,4,Bangalore
D0040,Bike,3.8,8,Chennai
D0041,Scooter,4.1,8,Mumbai
D0042,Scooter,4.3,10,Mumbai
D0043,Scooter,4.4,5,Chennai
D0044,Bike,5.0,10,Pune
D0045,Scooter,4.4,7,Kolkata
D0046,Scooter,4.6,2,Chennai
D0047,Scooter,4.2,3,Delhi
D0048,Scooter,4.8,1,Kolkata
D0049,Bike,5.0,0,Bangalore
D0050,Car,4.4,1,Pune
D0051,Bike,3.9,0,Hyderabad
D0052,Bike,4.0,5,Bangalore
D0053,Bike,4.3,3,Bangalore
D0054,Bike,4.4,2,Hyderabad
D0055,Bike,4.4,6,Bangalore
D0056,Bike,4.4,7,Pune
D0057,Bike,4.2,10,Pune
D0058,Scooter,4.0,4,Pune
D0059,Bike,4.3,3,Mumbai
D0060,Bike,4.8,2,Mumbai
D0061,Bike,4.6,1,Pune
D0062,Bike,4.4,1,Hyderabad
D0063,Bike,4.6,2,Hyderabad
D0064,Scooter,4.1,10,Chennai
D0065,Car,4.0,0,Chennai
D0066,Car,3.9,1,Pune
D0067,Car,4.2,1,Kolkata
D0068,Bike,4.1,5,Bangalore
D0069,Bike,4.6,2,Bangalore
D0070,Bike,4.0,3,Hyderabad
D0071,Scooter,3.9,1,Kolkata
D0072,Bike,4.9,2,Bangalore
D0073,Scooter,4.0,0,Delhi
D0074,Bike,4.3,3,Mumbai
D0075,Bike,4.4,0,Bangalore
D0076,Car,3.8,6,Bangalore
D0077,Scooter,4.6,4,Chennai
D0078,Scooter,4.4,5,Delhi
D0079,Scooter,4.7,3,Bangalore
D0080,Car,4.0,2,Mumbai
D0081,Scooter,4.2,0,Bangalore
D0082,Car,4.2,3,Hyderabad
D0083,Bike,4.3,3,Delhi
D0084,Scooter,3.7,3,Bangalore
D0085,Scooter,4.2,5,Kolkata
D0086,Bike,3.7,7,Delhi
D0087,Car,4.3,6,Bangalore
D0088,Car,3.5,1,Mumbai
D0089,Bike,3.6,4,Mumbai
D0090,Bike,4.5,0,Delhi
D0091,Bike,4.0,5,Pune
D0092,Car,3.9,2,Chennai
D0093,Scooter,4.6,1,Chennai
D0094,Bike,4.3,7,Hyderabad
D0095,Bike,4.5,4,Pune
D0096,Bike,4.1,2,Chennai
D0097,Scooter,5.0,0,Delhi
D0098,Bike,4.0,3,Chennai
D0099,Bike,4.8,8,Hyderabad
D0100,Scooter,4.2,4,Bangalore
D0101,Bike,3.6,10,Chennai
D0102,Bike,4.4,1,Delhi
D0103,Bike,4.3,4,Delhi
D0104,Bike,3.8,6,Hyderabad
D0105,Bike,3.9,3,Kolkata
D0106,Car,4.2,0,Hyderabad
D0107,Scooter,4.3,4,Kolkata
D0108,Car,3.3,4,Mumbai
D0109,Car,4.6,5,Mumbai
D0110,Bike,4.0,6,Mumbai
D0111,Bike,3.7,6,Kolkata
D0112,Bike,4.5,5,Bangalore
D0113,Scooter,4.2,1,Delhi
D0114,Scooter,4.6,2,Mumbai
D0115,Bike,4.4,6,Delhi
D0116,Bike,4.2,9,Hyderabad
D0117,Bike,4.1,0,Bangalore
D0118,Bike,4.4,3,Hyderabad
D0119,Car,4.1,2,Delhi
D0120,Bike,3.9,1,Pune
D0121,Car,4.4,3,Kolkata
D0122,Bike,4.1,4,Pune
D0123,Scooter,4.2,0,Mumbai
D0124,Car,4.6,6,Pune
D0125,Car,4.2,6,Hyderabad
D0126,Bike,4.2,9,Kolkata
D0127,Bike,4.0,1,Pune
D0128,Bike,4.4,4,Chennai
D0129,Bike,4.3,3,Bangalore
D0130,Scooter,4.5,2,Delhi
D0131,Car,4.0,4,Kolkata
D0132,Bike,4.0,6,Mumbai
D0133,Bike,4.5,0,Hyderabad
D0134,Bike,4.3,9,Bangalore
D0135,Car,3.9,6,Mumbai
D0136,Car,4.7,6,Hyderabad
D0137,Bike,3.6,6,Pune
D0138,Bike,4.5,2,Kolkata
D0139,Scooter,3.8,6,Delhi
D0140,Scooter,4.9,2,Kolkata
D0141,Bike,3.7,8,Chennai
D0142,Car,4.6,1,Chennai
D0143,Car,4.2,2,Kolkata
D0144,Scooter,4.1,4,Pune
D0145,Scooter,4.3,2,Delhi
D0146,Bike,4.4,3,Bangalore
D0147,Scooter,3.9,3,Delhi
D0148,Bike,3.9,7,Pune
D0149,Bike,4.4,3,Hyderabad
D0150,Bike,3.6,2,Kolkata
D0151,Bike,4.0,1,Kolkata
D0152,Bike,5.0,2,Kolkata
D0153,Bike,3.9,3,Kolkata
D0154,Scooter,4.6,5,Bangalore
D0155,Scooter,4.0,1,Chennai
D0156,Bike,4.4,1,Pune
D0157,Bike,4.4,2,Hyderabad
D0158,Scooter,4.6,2,Pune
D0159,Bike,4.1,2,Mumbai
D0160,Car,4.9,6,Mumbai
D0161,Bike,4.0,2,Mumbai
D0162,Scooter,4.3,3,Chennai
D0163,Bike,4.3,4,Delhi
D0164,Scooter,3.8,1,Bangalore
D0165,Car,4.1,5,Kolkata
D0166,Car,4.3,4,Chennai
D0167,Car,4.0,3,Hyderabad
D0168,Bike,5.0,6,Hyderabad
D0169,Scooter,3.9,1,Mumbai
D0170,Bike,4.6,7,Bangalore
D0171,Scooter,4.5,4,Mumbai
D0172,Bike,4.2,4,Hyderabad
D0173,Car,3.9,7,Hyderabad
D0174,Car,3.9,6,Kolkata
D0175,Bike,4.0,4,Delhi
D0176,Bike,3.6,6,Kolkata
D0177,Bike,3.8,3,Delhi
D0178,Scooter,3.7,4,Kolkata
D0179,Bike,4.7,0,Delhi
D0180,Car,4.4,0,Mumbai
D0181,Scooter,4.5,6,Pune
D0182,Scooter,4.4,0,Bangalore
D0183,Scooter,4.3,1,Delhi
D0184,Bike,4.7,6,Chennai
D0185,Car,4.0,0,Delhi
D0186,Scooter,4.2,2,Mumbai
D0187,Car,4.5,4,Bangalore
D0188,Bike,3.7,4,Delhi
D0189,Scooter,5.0,6,Kolkata
D0190,Bike,4.2,3,Bangalore
D0191,Scooter,4.2,3,Chennai
D0192,Scooter,4.6,5,Hyderabad
D0193,Scooter,4.5,3,Kolkata
D0194,Scooter,4.2,4,Bangalore
D0195,Bike,4.2,8,Pune
D0196,Car,3.7,2,Delhi
D0197,Car,4.0,2,Kolkata
D0198,Bike,4.4,0,Mumbai
D0199,Car,4.4,4,Pune
D0200,Bike,4.6,0,Pune
D0201,Scooter,4.2,3,Mumbai
D0202,Bike,3.7,6,Mumbai
D0203,Car,4.6,4,Mumbai
D0204,Bike,4.7,1,Pune
D0205,Bike,4.5,6,Bangalore
D0206,Bike,4.1,1,Mumbai
D0207,Bike,4.6,5,Hyderabad
D0208,Scooter,5.0,4,Pune
D0209,Bike,4.2,1,Pune
D0210,Scooter,3.7,8,Pune
D0211,Car,4.0,1,Chennai
D0212,Scooter,4.4,10,Bangalore
D0213,Car,3.6,0,Bangalore
D0214,Bike,4.3,1,Mumbai
D0215,Bike,4.3,1,Pune
D0216,Bike,4.7,0,Kolkata
D0217,Bike,4.7,5,Pune
D0218,Car,4.5,5,Mumbai
D0219,Bike,3.4,6,Bangalore
D0220,Car,4.5,1,Mumbai
D0221,Bike,4.4,3,Mumbai
D0222,Scooter,4.3,5,Mumbai
D0223,Bike,3.6,3,Mumbai
D0224,Bike,3.9,5,Mumbai
D0225,Scooter,3.8,4,Delhi
D0226,Bike,3.5,0,Delhi
D0227,Scooter,4.2,6,Pune
D0228,Scooter,3.9,5,Pune
D0229,Bike,5.0,5,Kolkata
D0230,Car,4.1,1,Kolkata
D0231,Bike,4.7,1,Delhi
D0232,Scooter,3.7,2,Bangalore
D0233,Bike,4.0,2,Chennai
D0234,Scooter,4.2,1,Bangalore
D0235,Bike,3.9,6,Kolkata
D0236,Bike,4.1,4,Pune
D0237,Bike,4.1,4,Delhi
D0238,Bike,4.1,1,Bangalore
D0239,Bike,4.8,8,Chennai
D0240,Scooter,4.3,1,Mumbai
D0241,Scooter,4.4,6,Hyderabad
D0242,Bike,4.4,9,Delhi
D0243,Bike,4.4,5,Delhi
D0244,Bike,4.2,10,Chennai
D0245,Bike,4.1,5,Mumbai
D0246,Bike,4.3,1,Mumbai
D0247,Bike,4.6,1,Hyderabad
D0248,Car,4.6,2,Mumbai
D0249,Scooter,4.1,0,Chennai
D0250,Bike,4.5,5,Pune
D0251,Bike,4.1,1,Mumbai
D0252,Scooter,4.2,6,Pune
D0253,Bike,4.0,2,Kolkata
D0254,Scooter,4.1,3,Kolkata
D0255,Car,4.7,9,Pune
D0256,Scooter,4.2,1,Chennai
D0257,Bike,4.2,5,Delhi
D0258,Scooter,3.7,6,Delhi
D0259,Car,4.1,1,Delhi
D0260,Scooter,4.1,3,Bangalore
D0261,Scooter,3.9,2,Delhi
D0262,Bike,4.2,6,Chennai
D0263,Bike,4.0,4,Hyderabad
D0264,Scooter,4.2,3,Kolkata
D0265,Car,4.2,6,Mumbai
D0266,Scooter,3.9,1,Delhi
D0267,Scooter,4.1,6,Bangalore
D0268,Bike,4.2,7,Kolkata
D0269,Bike,4.6,7,Kolkata
D0270,Bike,4.3,6,Pune
D0271,Bike,4.0,2,Bangalore
D0272,Scooter,4.3,10,Chennai
D0273,Bike,4.8,2,Hyderabad
D0274,Scooter,4.5,4,Delhi
D0275,Scooter,4.4,1,Delhi
D0276,Bike,4.5,10,Bangalore
D0277,Bike,4.7,5,Chennai
D0278,Scooter,4.6,6,Bangalore
D0279,Car,4.4,0,Bangalore
D0280,Scooter,4.6,6,Hyderabad
D0281,Bike,3.8,6,Chennai
D0282,Bike,3.7,5,Hyderabad
D0283,Bike,4.3,2,Chennai
D0284,Bike,4.2,3,Delhi
D0285,Scooter,4.0,0,Mumbai
D0286,Scooter,4.5,3,Pune
D0287,Bike,3.5,1,Mumbai
D0288,Bike,4.0,2,Kolkata
D0289,Bike,4.0,1,Chennai
D0290,Car,3.6,1,Mumbai
D0291,Bike,4.7,0,Bangalore
D0292,Scooter,3.7,8,Delhi
D0293,Bike,4.0,3,Pune
D0294,Scooter,4.5,2,Pune
D0295,Bike,4.4,3,Kolkata
D0296,Bike,3.8,4,Pune
D0297,Scooter,4.4,8,Delhi
D0298,Scooter,4.3,1,Mumbai
D0299,Bike,5.0,2,Pune
D0300,Bike,4.3,10,Pune
D0301,Bike,4.2,2,Chennai
D0302,Bike,3.9,0,Bangalore
D0303,Scooter,3.9,1,Chennai
D0304,Car,3.9,0,Mumbai
D0305,Bike,4.7,10,Delhi
D0306,Bike,4.2,2,Delhi
D0307,Bike,4.4,8,Chennai
D0308,Bike,4.7,10,Hyderabad
D0309,Bike,3.4,4,Chennai
D0310,Scooter,4.6,0,Hyderabad
D0311,Bike,4.2,0,Kolkata
D0312,Scooter,4.4,3,Chennai
D0313,Car,3.9,2,Hyderabad
D0314,Car,3.9,4,Hyderabad
D0315,Car,4.4,3,Pune
D0316,Scooter,5.0,9,Kolkata
D0317,Car,4.6,3,Pune
D0318,Bike,4.6,5,Hyderabad
D0319,Bike,4.1,8,Hyderabad
D0320,Bike,4.0,1,Bangalore
D0321,Scooter,3.9,1,Hyderabad
D0322,Car,4.0,0,Pune
D0323,Bike,3.5,1,Hyderabad
D0324,Scooter,3.9,3,Delhi
D0325,Scooter,4.0,2,Bangalore
D0326,Car,4.1,3,Hyderabad
D0327,Scooter,4.2,10,Pune
D0328,Car,4.3,1,Pune
D0329,Bike,4.2,4,Mumbai
D0330,Bike,4.0,0,Pune
D0331,Bike,3.5,2,Bangalore
D0332,Bike,4.0,3,Pune
D0333,Bike,3.9,9,Delhi
D0334,Scooter,4.4,2,Chennai
D0335,Scooter,4.5,0,Delhi
D0336,Scooter,4.5,2,Kolkata
D0337,Bike,4.5,1,Delhi
D0338,Bike,4.2,1,Bangalore
D0339,Bike,4.0,4,Bangalore
D0340,Bike,3.9,0,Mumbai
D0341,Scooter,3.7,3,Pune
D0342,Bike,4.5,4,Mumbai
D0343,Bike,4.1,3,Bangalore
D0344,Scooter,3.8,0,Pune
D0345,Bike,3.9,10,Bangalore
D0346,Car,3.9,2,Bangalore
D0347,Bike,4.2,6,Chennai
D0348,Car,4.6,2,Delhi
D0349,Bike,4.1,3,Mumbai
D0350,Scooter,3.4,2,Mumbai
D0351,Bike,4.1,2,Hyderabad
D0352,Scooter,4.1,0,Kolkata
D0353,Bike,4.1,2,Chennai
D0354,Bike,4.0,7,Bangalore
D0355,Car,4.3,5,Bangalore
D0356,Bike,4.2,1,Chennai
D0357,Bike,4.2,4,Pune
D0358,Bike,4.3,8,Mumbai
D0359,Scooter,4.0,5,Bangalore
D0360,Bike,4.0,1,Kolkata
D0361,Bike,4.7,7,Hyderabad
D0362,Bike,4.4,2,Mumbai
D0363,Scooter,4.5,3,Delhi
D0364,Scooter,4.6,3,Kolkata
D0365,Bike,4.4,7,Chennai
D0366,Bike,4.5,9,Mumbai
D0367,Bike,3.6,8,Delhi
D0368,Bike,4.3,0,Hyderabad
D0369,Bike,4.1,8,Pune
D0370,Bike,4.8,0,Chennai
D0371,Bike,4.5,1,Pune
D0372,Car,4.0,3,Kolkata
D0373,Bike,4.3,3,Bangalore
D0374,Scooter,4.3,4,Pune
D0375,Bike,4.4,3,Bangalore
D0376,Bike,3.8,9,Kolkata
D0377,Car,4.3,1,Delhi
D0378,Bike,4.1,2,Mumbai
D0379,Bike,4.3,8,Hyderabad
D0380,Scooter,3.9,0,Delhi
D0381,Bike,4.0,4,Hyderabad
D0382,Bike,4.6,5,Pune
D0383,Bike,3.8,3,Hyderabad
D0384,Bike,3.9,5,Pune
D0385,Scooter,4.2,1,Hyderabad
D0386,Bike,3.9,7,Chennai
D0387,Bike,3.9,1,Delhi
D0388,Bike,4.2,2,Chennai
D0389,Bike,3.7,0,Mumbai
D0390,Car,3.8,4,Mumbai
D0391,Bike,4.9,5,Bangalore
D0392,Car,4.4,9,Bangalore
D0393,Scooter,3.9,5,Bangalore
D0394,Scooter,4.3,4,Kolkata
D0395,Bike,4.4,9,Mumbai
D0396,Bike,4.5,3,Hyderabad
D0397,Car,4.2,4,Pune
D0398,Car,4.5,4,Kolkata
D0399,Bike,3.5,2,Hyderabad
D0400,Bike,3.8,7,Delhi
D0401,Bike,4.3,1,Mumbai
D0402,Car,4.3,4,Pune
D0403,Bike,3.9,5,Pune
D0404,Scooter,4.3,8,Pune
D0405,Scooter,4.0,7,Bangalore
D0406,Scooter,4.1,3,Pune
D0407,Scooter,4.6,4,Pune
D0408,Bike,4.5,2,Mumbai
D0409,Car,3.9,3,Hyderabad
D0410,Scooter,3.8,8,Kolkata
D0411,Scooter,4.1,9,Kolkata
D0412,Bike,4.2,8,Hyderabad
D0413,Scooter,4.0,1,Chennai
D0414,Bike,4.6,7,Chennai
D0415,Bike,4.3,9,Delhi
D0416,Scooter,4.3,2,Mumbai
D0417,Bike,3.8,3,Chennai
D0418,Scooter,4.6,6,Chennai
D0419,Bike,3.2,4,Mumbai
D0420,Scooter,4.5,10,Hyderabad
D0421,Bike,4.5,3,Delhi
D0422,Scooter,4.0,5,Delhi
D0423,Bike,4.6,6,Delhi
D0424,Scooter,4.2,3,Chennai
D0425,Scooter,4.2,7,Hyderabad
D0426,Bike,4.3,4,Delhi
D0427,Bike,5.0,3,Mumbai
D0428,Scooter,4.7,0,Delhi
D0429,Scooter,4.4,2,Kolkata
D0430,Scooter,3.9,5,Bangalore
D0431,Scooter,4.3,8,Hyderabad
D0432,Bike,3.9,1,Bangalore
D0433,Bike,4.5,2,Hyderabad
D0434,Bike,4.2,1,Pune
D0435,Bike,3.8,5,Mumbai
D0436,Scooter,4.2,9,Pune
D0437,Bike,3.9,4,Chennai
D0438,Car,4.3,4,Chennai
D0439,Scooter,3.9,4,Pune
D0440,Car,4.2,0,Hyderabad
D0441,Car,4.5,5,Delhi
D0442,Bike,4.2,4,Bangalore
D0443,Scooter,4.1,5,Mumbai
D0444,Bike,4.3,8,Delhi
D0445,Bike,4.4,6,Chennai
D0446,Scooter,3.8,6,Delhi
D0447,Bike,4.3,8,Pune
D0448,Car,4.7,10,Pune
D0449,Scooter,4.4,4,Kolkata
D0450,Scooter,4.2,0,Kolkata
D0451,Bike,4.4,3,Bangalore
D0452,Scooter,4.4,6,Chennai
D0453,Bike,4.5,0,Hyderabad
D0454,Scooter,3.5,0,Mumbai
D0455,Bike,3.7,0,Pune
D0456,Scooter,4.6,5,Mumbai
D0457,Bike,3.7,3,Chennai
D0458,Bike,4.3,2,Hyderabad
D0459,Bike,4.1,0,Kolkata
D0460,Bike,3.9,5,Pune
D0461,Scooter,4.3,2,Bangalore
D0462,Bike,4.3,1,Mumbai
D0463,Bike,4.9,5,Chennai
D0464,Scooter,4.0,4,Mumbai
D0465,Bike,4.7,2,Kolkata
D0466,Bike,4.3,4,Kolkata
D0467,Scooter,4.0,2,Hyderabad
D0468,Bike,4.5,6,Bangalore
D0469,Bike,4.4,1,Kolkata
D0470,Bike,4.2,1,Hyderabad
D0471,Bike,4.3,6,Kolkata
D0472,Bike,4.0,5,Pune
D0473,Bike,3.9,1,Delhi
D0474,Scooter,4.5,0,Hyderabad
D0475,Bike,4.1,7,Hyderabad
D0476,Bike,4.2,6,Mumbai
D0477,Bike,4.3,2,Kolkata
D0478,Scooter,4.3,5,Hyderabad
D0479,Car,3.7,1,Chennai
D0480,Bike,4.7,3,Pune
D0481,Car,4.2,0,Mumbai
D0482,Bike,4.1,2,Mumbai
D0483,Bike,4.4,0,Delhi
D0484,Bike,4.3,3,Pune
D0485,Bike,4.5,3,Chennai
D0486,Bike,4.4,3,Pune
D0487,Bike,4.5,0,Hyderabad
D0488,Bike,4.7,2,Delhi
D0489,Bike,4.5,6,Chennai
D0490,Bike,4.1,2,Delhi
D0491,Bike,3.8,5,Pune
D0492,Car,4.8,2,Bangalore
D0493,Bike,4.1,3,Pune
D0494,Scooter,4.0,4,Hyderabad
D0495,Scooter,3.6,9,Delhi
D0496,Bike,4.3,0,Bangalore
D0497,Bike,4.3,0,Hyderabad
D0498,Bike,3.7,4,Delhi
D0499,Scooter,4.4,9,Delhi
D0500,Bike,4.0,10,Pune
